phase,metric,unit,backend,n,median,p95,min,max
fresh,httpReadyMs,ms,original-production,10,1883.3677709999938,2115.2524590000103,1775.7634580000013,2115.2524590000103
fresh,httpReadyMs,ms,rust-release,10,39.357708000003186,132.09537499998987,32.6705409999995,132.09537499998987
fresh,usableCommandReadyMs,ms,original-production,10,1978.1148960000028,2230.6645839999983,1868.4700000000012,2230.6645839999983
fresh,usableCommandReadyMs,ms,rust-release,10,48.93062500000269,152.86108299999614,40.517125000000306,152.86108299999614
fresh,firstConfigReplyMs,ms,original-production,10,1968.688062499994,2217.7846250000002,1859.4793329999957,2217.7846250000002
fresh,firstConfigReplyMs,ms,rust-release,10,47.49764600000344,148.06445799999346,39.16649999999936,148.06445799999346
fresh,authenticatedShellReadyMs,ms,original-production,10,1982.1537710000011,2235.9926669999986,1871.9382909999986,2235.9926669999986
fresh,authenticatedShellReadyMs,ms,rust-release,10,50.25066649999826,154.4780829999945,41.6281659999986,154.4780829999945
fresh,idleRootRssKiB,KiB,original-production,10,412088,415424,399232,415424
fresh,idleRootRssKiB,KiB,rust-release,10,33360,33456,33264,33456
fresh,idleSumRssKiB,KiB,original-production,10,419920,423424,407200,423424
fresh,idleSumRssKiB,KiB,rust-release,10,41296,41408,41120,41408
fresh,finalRootRssKiB,KiB,original-production,10,439928,442000,306880,442000
fresh,finalRootRssKiB,KiB,rust-release,10,34536,34656,34464,34656
fresh,finalSumRssKiB,KiB,original-production,10,447744,450032,313344,450032
fresh,finalSumRssKiB,KiB,rust-release,10,42456,42640,42320,42640
fresh,seededHttpShell,ms,original-production,1000,5.109541999998783,9.096417000007932,3.6073750000068685,15.467707999996492
fresh,seededHttpShell,ms,rust-release,1000,1.399166499997591,3.304916000008234,1.1368749999965075,4.813999999998487
fresh,rpcThreadProjection,ms,original-production,1000,1.6383965000004537,4.487291999990703,1.1410420000029262,15.943416000009165
fresh,rpcThreadProjection,ms,rust-release,1000,0.201687500000844,0.6091249999881256,0.15320900000369875,1.5459159999882104
fresh,rpcConfig,ms,original-production,1000,4.163000000000466,12.3205830000079,3.201582999994571,18.946249999993597
fresh,rpcConfig,ms,rust-release,1000,0.5402289999983623,1.2080839999980526,0.4288750000014261,2.403875000003609
fresh,rpcProbe,ms,original-production,1000,0.2181044999997539,0.6966669999965234,0.13858300000720192,3.7528329999913694
fresh,rpcProbe,ms,rust-release,1000,0.17949999999837019,0.6888340000004973,0.1489579999979469,2.817957999999635
fresh,projectWrites,ms,original-production,90,4.2253954999978305,10.691500000000815,2.9393330000020796,19.968999999997322
fresh,projectWrites,ms,rust-release,90,0.4637914999984787,2.835416999994777,0.3350829999999405,3.077208000002429
fresh,threadWrites,ms,original-production,300,3.5322085000043444,12.908500000005006,1.7945000000036089,30.942500000004657
fresh,threadWrites,ms,rust-release,300,0.45983350000096834,2.097750000000815,0.30724999999802094,43.73937500000466
fresh,shutdownMs,ms,original-production,10,44.3873960000019,76.61920800000371,42.7043330000015,76.61920800000371
fresh,shutdownMs,ms,rust-release,10,5.246125000001484,38.489041000008,4.100291000002471,38.489041000008
reused,httpReadyMs,ms,original-production,10,1869.8911044999986,3999.837207999997,1806.2613750000019,3999.837207999997
reused,httpReadyMs,ms,rust-release,10,24.42204149999452,86.06941599999845,23.294624999994994,86.06941599999845
reused,usableCommandReadyMs,ms,original-production,10,1964.9266459999963,4623.050875000001,1909.4960830000018,4623.050875000001
reused,usableCommandReadyMs,ms,rust-release,10,33.50949999999284,109.29470800000126,31.311041999993904,109.29470800000126
reused,firstConfigReplyMs,ms,original-production,10,1958.6963125000002,4591.369166000004,1903.2663329999996,4591.369166000004
reused,firstConfigReplyMs,ms,rust-release,10,32.47197949999827,104.2335000000021,30.418417000000773,104.2335000000021
reused,authenticatedShellReadyMs,ms,original-production,10,1973.7862290000012,4652.469750000004,1917.0083750000013,4652.469750000004
reused,authenticatedShellReadyMs,ms,rust-release,10,35.637353999998595,114.24054099999194,33.42329199999949,114.24054099999194
reused,idleRootRssKiB,KiB,original-production,10,402200,406192,359872,406192
reused,idleRootRssKiB,KiB,rust-release,10,34152,34352,34096,34352
reused,idleSumRssKiB,KiB,original-production,10,410176,414144,365504,414144
reused,idleSumRssKiB,KiB,rust-release,10,42104,42336,42032,42336
reused,finalRootRssKiB,KiB,original-production,10,445328,456192,377344,456192
reused,finalRootRssKiB,KiB,rust-release,10,34360,34624,34272,34624
reused,finalSumRssKiB,KiB,original-production,10,453288,464176,383632,464176
reused,finalSumRssKiB,KiB,rust-release,10,42264,42608,42208,42608
reused,seededHttpShell,ms,original-production,1000,5.286978999993153,7.414375000007567,3.875041000006604,9.671916999999667
reused,seededHttpShell,ms,rust-release,1000,1.3165834999963408,3.3811249999998836,1.1915829999998095,5.1773749999993015
reused,rpcThreadProjection,ms,original-production,1000,1.6399375000000873,3.2536249999830034,1.2074159999974654,5.864042000001064
reused,rpcThreadProjection,ms,rust-release,1000,0.1992709999976796,0.5144170000130543,0.16100000000733417,1.7887080000073183
reused,rpcConfig,ms,original-production,1000,4.630332999993698,7.597999999998137,3.3827089999977034,13.192874999993364
reused,rpcConfig,ms,rust-release,1000,0.5330210000029183,1.5538329999981215,0.47045799999978044,6.24854200000118
reused,rpcProbe,ms,original-production,1000,0.2242084999979852,0.39383299999462906,0.15312499999708962,1.207124999986263
reused,rpcProbe,ms,rust-release,1000,0.1782085000022562,0.5865000000048894,0.1507080000010319,1.8459160000056727
reused,shutdownMs,ms,original-production,10,43.09235400000762,53.068499999993946,39.24175000000105,53.068499999993946
reused,shutdownMs,ms,rust-release,10,4.010604500013869,15.838709000003291,3.552332999999635,15.838709000003291
